<?xml version="1.0" ?><org.mule.tooling.metadata.cache.MetadataCache><projectMetadataCache><entry><string>janrain_config</string><map><entry><string>http://www.mulesoft.org/schema/mule/janrain/mappings</string><map><entry><string>__default__</string><org.mule.tooling.metadata.cache.MetadataCache_-DefaultMetadataCacheEntry></org.mule.tooling.metadata.cache.MetadataCache_-DefaultMetadataCacheEntry></entry></map></entry><entry><string>http://www.mulesoft.org/schema/mule/janrain/get-available-providers</string><map><entry><string>__default__</string><org.mule.tooling.metadata.cache.MetadataCache_-DefaultMetadataCacheEntry><output class="org.mule.common.metadata.DefaultMetaData"><payload class="org.mule.common.metadata.DefaultPojoMetaDataModel"><dataType>POJO</dataType><clazzName>org.mule.modules.janrain.engage.AvailableProviders</clazzName><isInterface>false</isInterface><fieldsForClass><org.mule.common.metadata.DefaultMetaDataField><name>error</name><model class="org.mule.common.metadata.DefaultSimpleMetaDataModel"><dataType>STRING</dataType></model><accessType>READ_WRITE</accessType></org.mule.common.metadata.DefaultMetaDataField><org.mule.common.metadata.DefaultMetaDataField><name>error_description</name><model class="org.mule.common.metadata.DefaultSimpleMetaDataModel"><dataType>STRING</dataType></model><accessType>READ_WRITE</accessType></org.mule.common.metadata.DefaultMetaDataField><org.mule.common.metadata.DefaultMetaDataField><name>share</name><model class="org.mule.common.metadata.DefaultListMetaDataModel"><dataType>LIST</dataType><model class="org.mule.common.metadata.DefaultSimpleMetaDataModel"><dataType>STRING</dataType></model><isArray>false</isArray></model><accessType>READ_WRITE</accessType></org.mule.common.metadata.DefaultMetaDataField><org.mule.common.metadata.DefaultMetaDataField><name>signin</name><model class="org.mule.common.metadata.DefaultListMetaDataModel"><dataType>LIST</dataType><model class="org.mule.common.metadata.DefaultSimpleMetaDataModel"><dataType>STRING</dataType></model><isArray>false</isArray></model><accessType>READ_WRITE</accessType></org.mule.common.metadata.DefaultMetaDataField><org.mule.common.metadata.DefaultMetaDataField><name>social</name><model class="org.mule.common.metadata.DefaultListMetaDataModel"><dataType>LIST</dataType><model class="org.mule.common.metadata.DefaultSimpleMetaDataModel"><dataType>STRING</dataType></model><isArray>false</isArray></model><accessType>READ_WRITE</accessType></org.mule.common.metadata.DefaultMetaDataField><org.mule.common.metadata.DefaultMetaDataField><name>stat</name><model class="org.mule.common.metadata.DefaultSimpleMetaDataModel"><dataType>STRING</dataType></model><accessType>READ_WRITE</accessType></org.mule.common.metadata.DefaultMetaDataField></fieldsForClass><name>AvailableProviders</name><parentNames><string>org.mule.modules.janrain.engage.Providers</string><string>java.lang.Object</string><string>org.mule.modules.janrain.engage.ApiResponse</string></parentNames></payload></output></org.mule.tooling.metadata.cache.MetadataCache_-DefaultMetadataCacheEntry></entry></map></entry><entry><string>http://www.mulesoft.org/schema/mule/janrain/entity-create</string><map><entry><string>__default__</string><org.mule.tooling.metadata.cache.MetadataCache_-DefaultMetadataCacheEntry><output class="org.mule.common.metadata.DefaultMetaData"><payload class="org.mule.common.metadata.DefaultDefinedMapMetaDataModel"><dataType>MAP</dataType><metaDataModelMap></metaDataModelMap></payload></output></org.mule.tooling.metadata.cache.MetadataCache_-DefaultMetadataCacheEntry></entry></map></entry><entry><string>http://www.mulesoft.org/schema/mule/janrain/all-mappings</string><map><entry><string>__default__</string><org.mule.tooling.metadata.cache.MetadataCache_-DefaultMetadataCacheEntry><output class="org.mule.common.metadata.DefaultMetaData"><payload class="org.mule.common.metadata.DefaultSimpleMetaDataModel"><dataType>STRING</dataType></payload></output></org.mule.tooling.metadata.cache.MetadataCache_-DefaultMetadataCacheEntry></entry></map></entry><entry><string>http://www.mulesoft.org/schema/mule/janrain/entity-delete</string><map><entry><string>__default__</string><org.mule.tooling.metadata.cache.MetadataCache_-DefaultMetadataCacheEntry></org.mule.tooling.metadata.cache.MetadataCache_-DefaultMetadataCacheEntry></entry></map></entry><entry><string>http://www.mulesoft.org/schema/mule/janrain/entity-find</string><map><entry><string>__default__</string><org.mule.tooling.metadata.cache.MetadataCache_-DefaultMetadataCacheEntry><output class="org.mule.common.metadata.DefaultMetaData"><payload class="org.mule.common.metadata.DefaultSimpleMetaDataModel"><dataType>STRING</dataType></payload></output></org.mule.tooling.metadata.cache.MetadataCache_-DefaultMetadataCacheEntry></entry></map></entry><entry><string>http://www.mulesoft.org/schema/mule/janrain/get-app-settings</string><map><entry><string>__default__</string><org.mule.tooling.metadata.cache.MetadataCache_-DefaultMetadataCacheEntry><output class="org.mule.common.metadata.DefaultMetaData"><payload class="org.mule.common.metadata.DefaultDefinedMapMetaDataModel"><dataType>MAP</dataType><metaDataModelMap></metaDataModelMap></payload></output></org.mule.tooling.metadata.cache.MetadataCache_-DefaultMetadataCacheEntry></entry></map></entry></map></entry></projectMetadataCache></org.mule.tooling.metadata.cache.MetadataCache>